<?xml version="1.0" encoding="UTF-8"?>
<project-private xmlns="http://www.netbeans.org/ns/project-private/1">
    <editor-bookmarks xmlns="http://www.netbeans.org/ns/editor-bookmarks/2" lastBookmarkId="0"/>
    <open-files xmlns="http://www.netbeans.org/ns/projectui-open-files/2">
        <group>
            <file>file:/C:/Users/Rahul%20Ozil%20Shah/Desktop/all%20project%20work/done%20project/car%20rental%20system/Losrent/src/rent/Login.java</file>
            <file>file:/C:/Users/Rahul%20Ozil%20Shah/Desktop/all%20project%20work/done%20project/car%20rental%20system/Losrent/src/rent/customer.java</file>
        </group>
    </open-files>
</project-private>
